type,ident,lat,long,y_proj,x_proj,comment,display,symbol,unused1,dist,prox_index,color,altitude,depth,temp,time,wpt_class,sub_class,attrib,link,state,country,city,address,facility,crossroad,unused2,ete,dtype,model,filename,ltime
WAYPOINT,1.28.1.1,-16.56538119,-71.43042119,8166954.642,240643.6491, , , , , , , ,0, , , , , , , , , , , , , , , , , , , 
WAYPOINT,1.28.1.2,-16.56358913,-71.43019039,8167153.33,240665.8903, , , , , , , ,0, , , , , , , , , , , , , , , , , , , 
WAYPOINT,1.28.1.3,-16.56529894,-71.43254656,8166961,240416.6207, , , , , , , ,0, , , , , , , , , , , , , , , , , , , 
WAYPOINT,1.28.1.4,-16.56702092,-71.43757331,8166763.863,239882.2444, , , , , , , ,0, , , , , , , , , , , , , , , , , , , 
WAYPOINT,1.28.1.5,-16.56711898,-71.43774159,8166752.789,239864.4099, , , , , , , ,0, , , , , , , , , , , , , , , , , , , 
WAYPOINT,1.28.1.6,-16.56735278,-71.43794537,8166726.642,239842.9668, , , , , , , ,0, , , , , , , , , , , , , , , , , , , 
WAYPOINT,1.28.1.7,-16.56754368,-71.43818544,8166705.196,239817.5921, , , , , , , ,0, , , , , , , , , , , , , , , , , , , 
WAYPOINT,1.28.1.8,-16.56736324,-71.43832308,8166724.994,239802.6547, , , , , , , ,0, , , , , , , , , , , , , , , , , , , 
WAYPOINT,1.28.1.9,-16.56803227,-71.43849363,8166650.708,239785.3447, , , , , , , ,0, , , , , , , , , , , , , , , , , , , 
WAYPOINT,1.28.1.10,-16.56776003,-71.43864301,8166680.652,239769.0298, , , , , , , ,0, , , , , , , , , , , , , , , , , , , 
WAYPOINT,1.28.1.11,-16.56702109,-71.43863271,8166762.47,239769.137, , , , , , , ,0, , , , , , , , , , , , , , , , , , , 
WAYPOINT,1.28.1.12,-16.56699167,-71.43888217,8166765.404,239742.4626, , , , , , , ,0, , , , , , , , , , , , , , , , , , , 
WAYPOINT,1.28.1.13,-16.56701316,-71.43911148,8166762.727,239718.0093, , , , , , , ,0, , , , , , , , , , , , , , , , , , , 
WAYPOINT,1.28.1.14,-16.56701111,-71.43977692,8166762.091,239646.9605, , , , , , , ,0, , , , , , , , , , , , , , , , , , , 
WAYPOINT,1.28.1.15,-16.56734722,-71.43896763,8166725.932,239733.8164, , , , , , , ,0, , , , , , , , , , , , , , , , , , , 
WAYPOINT,1.28.1.16,-16.56758075,-71.43882688,8166700.262,239749.1585, , , , , , , ,0, , , , , , , , , , , , , , , , , , , 
WAYPOINT,1.28.1.17,-16.5671672,-71.439403,8166745.297,239687.0923, , , , , , , ,0, , , , , , , , , , , , , , , , , , , 
WAYPOINT,1.28.1.18,-16.56731707,-71.43935874,8166728.763,239692.0186, , , , , , , ,0, , , , , , , , , , , , , , , , , , , 
WAYPOINT,1.28.1.19,-16.56734336,-71.43943549,8166725.753,239683.8605, , , , , , , ,0, , , , , , , , , , , , , , , , , , , 
WAYPOINT,1.28.1.20,-16.56736572,-71.43957916,8166723.091,239668.5511, , , , , , , ,0, , , , , , , , , , , , , , , , , , , 
WAYPOINT,1.28.1.21,-16.56764603,-71.43925,8166692.486,239704.0712, , , , , , , ,0, , , , , , , , , , , , , , , , , , , 
WAYPOINT,1.28.1.22,-16.56810566,-71.4394,8166641.408,239688.6744, , , , , , , ,0, , , , , , , , , , , , , , , , , , , 
WAYPOINT,1.28.1.23,-16.56834477,-71.43924431,8166615.139,239705.6184, , , , , , , ,0, , , , , , , , , , , , , , , , , , , 
WAYPOINT,1.28.1.24,-16.56743333,-71.43922507,8166716.065,239706.4472, , , , , , , ,0, , , , , , , , , , , , , , , , , , , 
WAYPOINT,1.28.1.25,-16.56761652,-71.43904722,8166696.016,239725.6813, , , , , , , ,0, , , , , , , , , , , , , , , , , , , 
WAYPOINT,1.28.1.26,-16.56776383,-71.43899131,8166679.781,239731.8486, , , , , , , ,0, , , , , , , , , , , , , , , , , , , 
WAYPOINT,1.28.1.27,-16.56798056,-71.43902741,8166655.741,239728.2861, , , , , , , ,0, , , , , , , , , , , , , , , , , , , 
WAYPOINT,1.28.1.28,-16.56807878,-71.43904365,8166644.846,239726.684, , , , , , , ,0, , , , , , , , , , , , , , , , , , , 
WAYPOINT,1.28.1.29,-16.56816119,-71.43908242,8166635.672,239722.6554, , , , , , , ,0, , , , , , , , , , , , , , , , , , , 
WAYPOINT,1.28.1.30,-16.56827339,-71.43911747,8166623.206,239719.0648, , , , , , , ,0, , , , , , , , , , , , , , , , , , , 
WAYPOINT,1.28.1.31,-16.56861054,-71.43899785,8166586.037,239732.2891, , , , , , , ,0, , , , , , , , , , , , , , , , , , , 
WAYPOINT,1.28.1.32,-16.56816492,-71.43888271,8166635.519,239743.9823, , , , , , , ,0, , , , , , , , , , , , , , , , , , , 
WAYPOINT,1.28.1.33,-16.56843896,-71.4388516,8166605.221,239747.6732, , , , , , , ,0, , , , , , , , , , , , , , , , , , , 
WAYPOINT,1.28.1.34,-16.56864533,-71.43871184,8166582.557,239762.8717, , , , , , , ,0, , , , , , , , , , , , , , , , , , , 
WAYPOINT,1.28.1.35,-16.56872806,-71.43873459,8166573.368,239760.5538, , , , , , , ,0, , , , , , , , , , , , , , , , , , , 
WAYPOINT,1.28.1.36,-16.56877669,-71.43875,8166567.965,239758.9743, , , , , , , ,0, , , , , , , , , , , , , , , , , , , 
WAYPOINT,1.28.1.37,-16.56884663,-71.43876389,8166560.204,239757.5855, , , , , , , ,0, , , , , , , , , , , , , , , , , , , 
WAYPOINT,1.28.1.38,-16.56899763,-71.43883631,8166543.394,239750.0566, , , , , , , ,0, , , , , , , , , , , , , , , , , , , 
WAYPOINT,1.28.1.39,-16.56887999,-71.43894811,8166556.272,239737.9619, , , , , , , ,0, , , , , , , , , , , , , , , , , , , 
WAYPOINT,1.28.1.40,-16.56871391,-71.4390318,8166574.55,239728.8029, , , , , , , ,0, , , , , , , , , , , , , , , , , , , 
WAYPOINT,1.28.1.41,-16.56800222,-71.43887977,8166653.535,239744.0785, , , , , , , ,0, , , , , , , , , , , , , , , , , , , 
WAYPOINT,1.28.1.42,-16.56776252,-71.43889271,8166680.053,239742.3743, , , , , , , ,0, , , , , , , , , , , , , , , , , , , 
WAYPOINT,1.28.1.43,-16.56777531,-71.43881533,8166678.738,239750.6528, , , , , , , ,0, , , , , , , , , , , , , , , , , , , 
WAYPOINT,1.28.1.44,-16.56788579,-71.43871319,8166666.64,239761.7063, , , , , , , ,0, , , , , , , , , , , , , , , , , , , 
WAYPOINT,1.28.1.45,-16.56830833,-71.43865621,8166619.936,239768.3584, , , , , , , ,0, , , , , , , , , , , , , , , , , , , 
WAYPOINT,1.28.1.46,-16.56845833,-71.43865345,8166603.334,239768.8546, , , , , , , ,0, , , , , , , , , , , , , , , , , , , 
WAYPOINT,1.28.1.47,-16.56853954,-71.43867069,8166594.322,239767.1229, , , , , , , ,0, , , , , , , , , , , , , , , , , , , 
WAYPOINT,1.28.1.48,-16.56839723,-71.43878867,8166609.923,239754.3355, , , , , , , ,0, , , , , , , , , , , , , , , , , , , 
WAYPOINT,1.28.1.49,-16.56864683,-71.43849284,8166582.674,239786.2558, , , , , , , ,0, , , , , , , , , , , , , , , , , , , 
WAYPOINT,1.28.1.50,-16.56897069,-71.43867939,8166546.579,239766.7742, , , , , , , ,0, , , , , , , , , , , , , , , , , , , 
WAYPOINT,1.28.1.51,-16.56907644,-71.43876268,8166534.764,239758.0232, , , , , , , ,0, , , , , , , , , , , , , , , , , , , 
WAYPOINT,1.28.1.52,-16.5691406,-71.43892579,8166527.45,239740.695, , , , , , , ,0, , , , , , , , , , , , , , , , , , , 
WAYPOINT,1.28.1.53,-16.56892856,-71.43908399,8166550.719,239723.5199, , , , , , , ,0, , , , , , , , , , , , , , , , , , , 
WAYPOINT,1.28.1.54,-16.56910319,-71.43939421,8166530.984,239690.6341, , , , , , , ,0, , , , , , , , , , , , , , , , , , , 
WAYPOINT,1.28.1.55,-16.56895539,-71.43926627,8166547.512,239704.0947, , , , , , , ,0, , , , , , , , , , , , , , , , , , , 
WAYPOINT,1.28.1.56,-16.56883822,-71.43921609,8166560.548,239709.2953, , , , , , , ,0, , , , , , , , , , , , , , , , , , , 
WAYPOINT,1.28.1.57,-16.56875516,-71.43917778,8166569.794,239713.2735, , , , , , , ,0, , , , , , , , , , , , , , , , , , , 
WAYPOINT,1.28.1.58,-16.56849682,-71.43915139,8166598.428,239715.743, , , , , , , ,0, , , , , , , , , , , , , , , , , , , 
WAYPOINT,1.28.1.59,-16.56848568,-71.43936796,8166599.38,239692.6061, , , , , , , ,0, , , , , , , , , , , , , , , , , , , 
WAYPOINT,1.28.1.60,-16.56829444,-71.43946612,8166620.423,239681.869, , , , , , , ,0, , , , , , , , , , , , , , , , , , , 
WAYPOINT,1.28.1.61,-16.56828681,-71.43957878,8166621.122,239669.8305, , , , , , , ,0, , , , , , , , , , , , , , , , , , , 
WAYPOINT,1.28.1.62,-16.56833561,-71.43977208,8166615.469,239649.2581, , , , , , , ,0, , , , , , , , , , , , , , , , , , , 
WAYPOINT,1.28.1.63,-16.56805567,-71.43980379,8166646.418,239645.4959, , , , , , , ,0, , , , , , , , , , , , , , , , , , , 
WAYPOINT,1.28.1.64,-16.56793034,-71.43977482,8166660.33,239648.4209, , , , , , , ,0, , , , , , , , , , , , , , , , , , , 
WAYPOINT,1.28.1.65,-16.56778656,-71.43972569,8166676.312,239653.473, , , , , , , ,0, , , , , , , , , , , , , , , , , , , 
WAYPOINT,1.28.1.66,-16.5675377,-71.43989356,8166703.643,239635.2153, , , , , , , ,0, , , , , , , , , , , , , , , , , , , 
WAYPOINT,1.28.1.67,-16.56759783,-71.44003327,8166696.806,239620.3795, , , , , , , ,0, , , , , , , , , , , , , , , , , , , 
WAYPOINT,1.28.1.68,-16.56780633,-71.43992721,8166673.862,239631.9837, , , , , , , ,0, , , , , , , , , , , , , , , , , , , 
WAYPOINT,1.28.1.69,-16.56788372,-71.44012883,8166665.033,239610.5614, , , , , , , ,0, , , , , , , , , , , , , , , , , , , 
WAYPOINT,1.28.1.70,-16.56789899,-71.44066631,8166662.645,239553.198, , , , , , , ,0, , , , , , , , , , , , , , , , , , , 
WAYPOINT,1.28.2.1,-16.56400604,-71.45999047,8167068.443,237484.7474, , , , , , , ,0, , , , , , , , , , , , , , , , , , , 
WAYPOINT,1.28.2.2,-16.56370801,-71.45960373,8167101.943,237525.6349, , , , , , , ,0, , , , , , , , , , , , , , , , , , , 
WAYPOINT,1.28.2.3,-16.5634346,-71.45883531,8167133.215,237607.3081, , , , , , , ,0, , , , , , , , , , , , , , , , , , , 
WAYPOINT,1.28.2.4,-16.56354771,-71.45864548,8167120.941,237627.7296, , , , , , , ,0, , , , , , , , , , , , , , , , , , , 
WAYPOINT,1.28.2.5,-16.56341023,-71.45844722,8167136.42,237648.7111, , , , , , , ,0, , , , , , , , , , , , , , , , , , , 
WAYPOINT,1.28.2.6,-16.56356083,-71.45830556,8167119.933,237664.0409, , , , , , , ,0, , , , , , , , , , , , , , , , , , , 
WAYPOINT,1.28.2.7,-16.56395437,-71.45835055,8167076.307,237659.7701, , , , , , , ,0, , , , , , , , , , , , , , , , , , , 
WAYPOINT,1.28.2.8,-16.56401986,-71.45872222,8167068.571,237620.1757, , , , , , , ,0, , , , , , , , , , , , , , , , , , , 
WAYPOINT,1.28.2.9,-16.56419398,-71.45897778,8167048.961,237593.1262, , , , , , , ,0, , , , , , , , , , , , , , , , , , , 
WAYPOINT,1.28.2.10,-16.56402575,-71.45936389,8167067.08,237551.6735, , , , , , , ,0, , , , , , , , , , , , , , , , , , , 
WAYPOINT,1.28.2.11,-16.56373225,-71.4589071,8167100.17,237600.0462, , , , , , , ,0, , , , , , , , , , , , , , , , , , , 
WAYPOINT,1.28.2.12,-16.56371893,-71.45870733,8167101.905,237621.3582, , , , , , , ,0, , , , , , , , , , , , , , , , , , , 
WAYPOINT,1.28.2.13,-16.56373611,-71.45857266,8167100.18,237635.7603, , , , , , , ,0, , , , , , , , , , , , , , , , , , , 
WAYPOINT,1.28.2.14,-16.56370246,-71.45809212,8167104.533,237687.0215, , , , , , , ,0, , , , , , , , , , , , , , , , , , , 
WAYPOINT,1.28.2.15,-16.56365194,-71.45780833,8167110.497,237717.2524, , , , , , , ,0, , , , , , , , , , , , , , , , , , , 
WAYPOINT,1.28.2.16,-16.56369708,-71.45763777,8167105.722,237735.5246, , , , , , , ,0, , , , , , , , , , , , , , , , , , , 
WAYPOINT,1.28.2.17,-16.56356691,-71.45732283,8167120.544,237768.9741, , , , , , , ,0, , , , , , , , , , , , , , , , , , , 
WAYPOINT,1.28.2.18,-16.564375,-71.45555169,8167033.396,237959.1712, , , , , , , ,0, , , , , , , , , , , , , , , , , , , 
WAYPOINT,1.28.2.19,-16.56403889,-71.45659627,8167069.242,237847.1876, , , , , , , ,0, , , , , , , , , , , , , , , , , , , 
WAYPOINT,1.28.2.20,-16.56378986,-71.45694778,8167096.353,237809.3197, , , , , , , ,0, , , , , , , , , , , , , , , , , , , 
WAYPOINT,1.28.2.21,-16.56376667,-71.45703687,8167098.803,237799.7763, , , , , , , ,0, , , , , , , , , , , , , , , , , , , 
WAYPOINT,1.28.2.22,-16.56376988,-71.45726467,8167098.15,237775.4591, , , , , , , ,0, , , , , , , , , , , , , , , , , , , 
WAYPOINT,1.28.2.23,-16.56390425,-71.45755833,8167082.891,237744.2865, , , , , , , ,0, , , , , , , , , , , , , , , , , , , 
WAYPOINT,1.28.2.24,-16.56400556,-71.45718528,8167072.163,237784.2538, , , , , , , ,0, , , , , , , , , , , , , , , , , , , 
WAYPOINT,1.28.2.25,-16.56417874,-71.45729523,8167052.847,237772.7492, , , , , , , ,0, , , , , , , , , , , , , , , , , , , 
WAYPOINT,1.28.2.26,-16.56413173,-71.45746389,8167057.83,237754.6784, , , , , , , ,0, , , , , , , , , , , , , , , , , , , 
WAYPOINT,1.28.2.27,-16.5641,-71.45772093,8167061.008,237727.1916, , , , , , , ,0, , , , , , , , , , , , , , , , , , , 
WAYPOINT,1.28.2.28,-16.56402222,-71.45799133,8167069.265,237698.2159, , , , , , , ,0, , , , , , , , , , , , , , , , , , , 
WAYPOINT,1.28.2.29,-16.56393611,-71.45789956,8167078.918,237707.897, , , , , , , ,0, , , , , , , , , , , , , , , , , , , 
WAYPOINT,1.28.2.30,-16.56554376,-71.45401028,8166906.019,238125.3263, , , , , , , ,0, , , , , , , , , , , , , , , , , , , 
WAYPOINT,1.28.3.1,-16.5694851,-71.45000833,8166474.908,238557.929, , , , , , , ,0, , , , , , , , , , , , , , , , , , , 
WAYPOINT,1.28.3.2,-16.56815937,-71.45183967,8166619.287,238360.6135, , , , , , , ,0, , , , , , , , , , , , , , , , , , , 
WAYPOINT,1.28.3.3,-16.56835961,-71.45156997,8166597.471,238389.6782, , , , , , , ,0, , , , , , , , , , , , , , , , , , , 
WAYPOINT,1.28.3.4,-16.56973462,-71.45020549,8166447.027,238537.2169, , , , , , , ,0, , , , , , , , , , , , , , , , , , , 
WAYPOINT,1.28.3.5,-16.56962392,-71.44980193,8166459.807,238580.1529, , , , , , , ,0, , , , , , , , , , , , , , , , , , , 
WAYPOINT,1.28.3.6,-16.56971452,-71.44972506,8166449.878,238588.4829, , , , , , , ,0, , , , , , , , , , , , , , , , , , , 
WAYPOINT,1.28.3.7,-16.56979498,-71.44962778,8166441.097,238598.9778, , , , , , , ,0, , , , , , , , , , , , , , , , , , , 
WAYPOINT,1.28.3.8,-16.57100278,-71.44807209,8166309.413,238766.7015, , , , , , , ,0, , , , , , , , , , , , , , , , , , , 
WAYPOINT,1.28.3.9,-16.57068056,-71.44766325,8166345.617,238809.916, , , , , , , ,0, , , , , , , , , , , , , , , , , , , 
WAYPOINT,1.28.3.10,-16.57071579,-71.44751011,8166341.916,238826.3138, , , , , , , ,0, , , , , , , , , , , , , , , , , , , 
WAYPOINT,1.28.3.11,-16.57059715,-71.44618952,8166356.768,238967.1463, , , , , , , ,0, , , , , , , , , , , , , , , , , , , 
WAYPOINT,1.28.3.12,-16.56991002,-71.44604785,8166433.022,238981.3446, , , , , , , ,0, , , , , , , , , , , , , , , , , , , 
WAYPOINT,1.28.3.13,-16.57071432,-71.4440706,8166346.552,239193.5291, , , , , , , ,0, , , , , , , , , , , , , , , , , , , 
WAYPOINT,1.28.3.14,-16.57282136,-71.44537559,8166111.595,239057.0443, , , , , , , ,0, , , , , , , , , , , , , , , , , , , 
WAYPOINT,1.28.3.15,-16.57211028,-71.44887836,8166185.756,238682.1156, , , , , , , ,0, , , , , , , , , , , , , , , , , , , 
WAYPOINT,1.28.3.16,-16.5717803,-71.44858096,8166222.674,238713.4222, , , , , , , ,0, , , , , , , , , , , , , , , , , , , 
WAYPOINT,1.28.3.17,-16.57157666,-71.4484136,8166245.437,238731.015, , , , , , , ,0, , , , , , , , , , , , , , , , , , , 
WAYPOINT,1.28.3.18,-16.57147259,-71.44829321,8166257.115,238743.7276, , , , , , , ,0, , , , , , , , , , , , , , , , , , , 
WAYPOINT,1.28.3.19,-16.5712099,-71.44806616,8166286.492,238767.6139, , , , , , , ,0, , , , , , , , , , , , , , , , , , , 
WAYPOINT,1.28.3.20,-16.57118755,-71.44787357,8166289.217,238788.1454, , , , , , , ,0, , , , , , , , , , , , , , , , , , , 
WAYPOINT,1.28.3.21,-16.57102821,-71.44760851,8166307.201,238816.2293, , , , , , , ,0, , , , , , , , , , , , , , , , , , , 
WAYPOINT,1.28.3.22,-16.57166389,-71.44872673,8166235.372,238697.702, , , , , , , ,0, , , , , , , , , , , , , , , , , , , 
WAYPOINT,1.28.3.23,-16.57218119,-71.44915414,8166177.547,238652.7683, , , , , , , ,0, , , , , , , , , , , , , , , , , , , 
WAYPOINT,1.28.3.24,-16.57239412,-71.44956521,8166153.439,238609.1687, , , , , , , ,0, , , , , , , , , , , , , , , , , , , 
WAYPOINT,1.28.3.25,-16.5723857,-71.44980833,8166154.055,238583.2004, , , , , , , ,0, , , , , , , , , , , , , , , , , , , 
WAYPOINT,1.28.3.26,-16.57235803,-71.45006884,8166156.779,238555.3504, , , , , , , ,0, , , , , , , , , , , , , , , , , , , 
WAYPOINT,1.28.3.27,-16.57228883,-71.45019276,8166164.278,238542.0261, , , , , , , ,0, , , , , , , , , , , , , , , , , , , 
WAYPOINT,1.28.3.28,-16.57220414,-71.45024524,8166173.585,238536.3089, , , , , , , ,0, , , , , , , , , , , , , , , , , , , 
WAYPOINT,1.28.3.29,-16.57222477,-71.45033655,8166171.182,238526.5887, , , , , , , ,0, , , , , , , , , , , , , , , , , , , 
WAYPOINT,1.28.3.30,-16.57215082,-71.45045547,8166179.214,238513.7916, , , , , , , ,0, , , , , , , , , , , , , , , , , , , 
WAYPOINT,1.28.3.31,-16.57207343,-71.45057351,8166187.628,238501.085, , , , , , , ,0, , , , , , , , , , , , , , , , , , , 
WAYPOINT,1.28.3.32,-16.57165848,-71.45041488,8166233.773,238517.4606, , , , , , , ,0, , , , , , , , , , , , , , , , , , , 
WAYPOINT,1.28.3.33,-16.57321805,-71.44918888,8166062.716,238650.4593, , , , , , , ,0, , , , , , , , , , , , , , , , , , , 
WAYPOINT,1.28.3.34,-16.57331342,-71.44907009,8166052.313,238663.2715, , , , , , , ,0, , , , , , , , , , , , , , , , , , , 
WAYPOINT,1.28.3.35,-16.57337473,-71.44897305,8166045.652,238673.7139, , , , , , , ,0, , , , , , , , , , , , , , , , , , , 
WAYPOINT,1.28.3.36,-16.57344354,-71.44890516,8166038.122,238681.0551, , , , , , , ,0, , , , , , , , , , , , , , , , , , , 
WAYPOINT,1.28.3.37,-16.57350831,-71.44887589,8166030.99,238684.2681, , , , , , , ,0, , , , , , , , , , , , , , , , , , , 
WAYPOINT,1.28.3.38,-16.57358161,-71.44881843,8166022.951,238690.501, , , , , , , ,0, , , , , , , , , , , , , , , , , , , 
WAYPOINT,1.28.3.39,-16.57366961,-71.44873961,8166013.311,238699.0351, , , , , , , ,0, , , , , , , , , , , , , , , , , , , 
WAYPOINT,1.28.3.40,-16.5737372,-71.44866086,8166005.931,238707.534, , , , , , , ,0, , , , , , , , , , , , , , , , , , , 
WAYPOINT,1.28.3.41,-16.57404381,-71.44838639,8165972.345,238737.2512, , , , , , , ,0, , , , , , , , , , , , , , , , , , , 
WAYPOINT,1.28.3.42,-16.57459523,-71.44789282,8165911.943,238790.6912, , , , , , , ,0, , , , , , , , , , , , , , , , , , , 
WAYPOINT,1.28.3.43,-16.5734523,-71.44945278,8166036.44,238622.6016, , , , , , , ,0, , , , , , , , , , , , , , , , , , , 
WAYPOINT,1.28.3.44,-16.57342767,-71.45026919,8166038.103,238535.4049, , , , , , , ,0, , , , , , , , , , , , , , , , , , , 
WAYPOINT,1.28.3.45,-16.57284903,-71.45036111,8166102.042,238524.8097, , , , , , , ,0, , , , , , , , , , , , , , , , , , , 
WAYPOINT,1.28.3.46,-16.57263333,-71.45020222,8166126.127,238541.4823, , , , , , , ,0, , , , , , , , , , , , , , , , , , , 
WAYPOINT,1.28.3.47,-16.57286903,-71.4501178,8166100.144,238550.8135, , , , , , , ,0, , , , , , , , , , , , , , , , , , , 
WAYPOINT,1.28.3.48,-16.57298094,-71.44989499,8166088.045,238574.7527, , , , , , , ,0, , , , , , , , , , , , , , , , , , , 
WAYPOINT,1.28.3.49,-16.57253843,-71.45043706,8166136.328,238516.2812, , , , , , , ,0, , , , , , , , , , , , , , , , , , , 
WAYPOINT,1.28.3.50,-16.57228683,-71.45089196,8166163.588,238467.374, , , , , , , ,0, , , , , , , , , , , , , , , , , , , 
WAYPOINT,1.28.3.51,-16.5722899,-71.45117565,8166162.879,238437.0905, , , , , , , ,0, , , , , , , , , , , , , , , , , , , 
WAYPOINT,1.28.3.52,-16.57238245,-71.45150708,8166152.201,238401.8314, , , , , , , ,0, , , , , , , , , , , , , , , , , , , 
WAYPOINT,1.28.3.53,-16.5723769,-71.45169674,8166152.568,238381.5744, , , , , , , ,0, , , , , , , , , , , , , , , , , , , 
WAYPOINT,1.28.3.54,-16.57247816,-71.45190054,8166141.092,238359.9529, , , , , , , ,0, , , , , , , , , , , , , , , , , , , 
WAYPOINT,1.28.3.55,-16.57238715,-71.45203889,8166150.987,238345.0593, , , , , , , ,0, , , , , , , , , , , , , , , , , , , 
WAYPOINT,1.28.3.56,-16.57236426,-71.45213005,8166153.402,238335.2956, , , , , , , ,0, , , , , , , , , , , , , , , , , , , 
WAYPOINT,1.28.3.57,-16.57230133,-71.4522727,8166160.182,238319.9801, , , , , , , ,0, , , , , , , , , , , , , , , , , , , 
WAYPOINT,1.28.3.58,-16.57293675,-71.4528172,8166089.128,238262.7069, , , , , , , ,0, , , , , , , , , , , , , , , , , , , 
WAYPOINT,1.28.3.59,-16.57221111,-71.45238767,8166170.021,238307.584, , , , , , , ,0, , , , , , , , , , , , , , , , , , , 
WAYPOINT,1.28.3.60,-16.57218175,-71.45250577,8166173.117,238294.9349, , , , , , , ,0, , , , , , , , , , , , , , , , , , , 
WAYPOINT,1.28.3.61,-16.57217281,-71.4525992,8166173.985,238284.9479, , , , , , , ,0, , , , , , , , , , , , , , , , , , , 
WAYPOINT,1.28.3.62,-16.57212183,-71.45268594,8166179.515,238275.6184, , , , , , , ,0, , , , , , , , , , , , , , , , , , , 
WAYPOINT,1.28.3.63,-16.57199827,-71.45294784,8166192.852,238247.4902, , , , , , , ,0, , , , , , , , , , , , , , , , , , , 
WAYPOINT,1.28.3.64,-16.57190833,-71.45305024,8166202.676,238236.4352, , , , , , , ,0, , , , , , , , , , , , , , , , , , , 
WAYPOINT,1.28.3.65,-16.57192551,-71.45314091,8166200.656,238226.7786, , , , , , , ,0, , , , , , , , , , , , , , , , , , , 
WAYPOINT,1.28.3.66,-16.57180278,-71.45333941,8166213.984,238205.4193, , , , , , , ,0, , , , , , , , , , , , , , , , , , , 
WAYPOINT,1.28.3.67,-16.57174076,-71.45349254,8166220.65,238188.9872, , , , , , , ,0, , , , , , , , , , , , , , , , , , , 
WAYPOINT,1.28.3.68,-16.5720243,-71.45367662,8166189.02,238169.7173, , , , , , , ,0, , , , , , , , , , , , , , , , , , , 
WAYPOINT,1.28.3.69,-16.57281066,-71.45353637,8166102.149,238185.7554, , , , , , , ,0, , , , , , , , , , , , , , , , , , , 
WAYPOINT,1.28.3.70,-16.57275715,-71.45369444,8166107.866,238168.806, , , , , , , ,0, , , , , , , , , , , , , , , , , , , 
WAYPOINT,1.28.3.71,-16.57259431,-71.45392181,8166125.597,238144.3112, , , , , , , ,0, , , , , , , , , , , , , , , , , , , 
WAYPOINT,1.28.3.72,-16.57251467,-71.45418524,8166134.069,238116.078, , , , , , , ,0, , , , , , , , , , , , , , , , , , , 
WAYPOINT,1.28.3.73,-16.57209003,-71.45395482,8166181.381,238140.105, , , , , , , ,0, , , , , , , , , , , , , , , , , , , 
WAYPOINT,1.28.3.74,-16.57206152,-71.45385803,8166184.663,238150.3995, , , , , , , ,0, , , , , , , , , , , , , , , , , , , 
WAYPOINT,1.28.3.75,-16.57168344,-71.45362268,8166226.826,238175.0151, , , , , , , ,0, , , , , , , , , , , , , , , , , , , 
WAYPOINT,1.28.3.76,-16.57161845,-71.45374541,8166233.861,238161.8238, , , , , , , ,0, , , , , , , , , , , , , , , , , , , 
WAYPOINT,1.28.3.77,-16.57168016,-71.45392921,8166226.789,238142.2838, , , , , , , ,0, , , , , , , , , , , , , , , , , , , 
WAYPOINT,1.28.3.78,-16.57154707,-71.45395993,8166241.483,238138.8239, , , , , , , ,0, , , , , , , , , , , , , , , , , , , 
WAYPOINT,1.28.3.79,-16.57150376,-71.45401978,8166246.199,238132.3755, , , , , , , ,0, , , , , , , , , , , , , , , , , , , 
WAYPOINT,1.28.3.80,-16.57145867,-71.45410524,8166251.079,238123.1901, , , , , , , ,0, , , , , , , , , , , , , , , , , , , 
WAYPOINT,1.28.3.81,-16.57143796,-71.45418611,8166253.267,238114.5284, , , , , , , ,0, , , , , , , , , , , , , , , , , , , 
WAYPOINT,1.28.3.82,-16.57140278,-71.45427922,8166257.04,238104.5402, , , , , , , ,0, , , , , , , , , , , , , , , , , , , 
WAYPOINT,1.28.3.83,-16.57137294,-71.45437034,8166260.224,238094.7717, , , , , , , ,0, , , , , , , , , , , , , , , , , , , 
WAYPOINT,1.28.3.84,-16.57132301,-71.45448056,8166265.608,238082.9365, , , , , , , ,0, , , , , , , , , , , , , , , , , , , 
WAYPOINT,1.28.3.85,-16.5712507,-71.45463583,8166273.411,238066.2608, , , , , , , ,0, , , , , , , , , , , , , , , , , , , 
WAYPOINT,1.28.3.86,-16.57118972,-71.45479237,8166279.957,238049.4657, , , , , , , ,0, , , , , , , , , , , , , , , , , , , 
WAYPOINT,1.28.3.87,-16.57168299,-71.45527417,8166224.721,237998.6938, , , , , , , ,0, , , , , , , , , , , , , , , , , , , 
WAYPOINT,1.28.3.88,-16.57112709,-71.45489717,8166286.754,238038.1915, , , , , , , ,0, , , , , , , , , , , , , , , , , , , 
WAYPOINT,1.28.3.89,-16.57109328,-71.45499642,8166290.367,238027.5491, , , , , , , ,0, , , , , , , , , , , , , , , , , , , 
WAYPOINT,1.28.3.90,-16.57102643,-71.45516944,8166297.542,238008.9859, , , , , , , ,0, , , , , , , , , , , , , , , , , , , 
WAYPOINT,1.28.3.91,-16.57094833,-71.45532754,8166305.982,237992.0009, , , , , , , ,0, , , , , , , , , , , , , , , , , , , 
WAYPOINT,1.28.3.92,-16.57092169,-71.45554211,8166308.651,237969.0561, , , , , , , ,0, , , , , , , , , , , , , , , , , , , 
WAYPOINT,1.28.3.93,-16.57082616,-71.45560833,8166319.14,237961.8567, , , , , , , ,0, , , , , , , , , , , , , , , , , , , 
WAYPOINT,1.28.3.94,-16.5707823,-71.45579362,8166323.754,237942.0156, , , , , , , ,0, , , , , , , , , , , , , , , , , , , 
WAYPOINT,1.28.3.95,-16.57045395,-71.45657676,8166359.081,237857.9584, , , , , , , ,0, , , , , , , , , , , , , , , , , , , 
WAYPOINT,1.28.3.96,-16.5703736,-71.45671927,8166367.79,237842.6348, , , , , , , ,0, , , , , , , , , , , , , , , , , , , 
WAYPOINT,1.28.3.97,-16.57020544,-71.45717084,8166385.817,237794.1948, , , , , , , ,0, , , , , , , , , , , , , , , , , , , 
WAYPOINT,1.28.3.98,-16.57008141,-71.45756277,8166399.035,237752.182, , , , , , , ,0, , , , , , , , , , , , , , , , , , , 
WAYPOINT,1.28.3.99,-16.5700402,-71.45773754,8166403.369,237733.4669, , , , , , , ,0, , , , , , , , , , , , , , , , , , , 
WAYPOINT,1.28.3.100,-16.56988144,-71.45791074,8166420.719,237714.7597, , , , , , , ,0, , , , , , , , , , , , , , , , , , , 
WAYPOINT,1.28.3.101,-16.56898889,-71.45993408,8166516.884,237497.5248, , , , , , , ,0, , , , , , , , , , , , , , , , , , , 
WAYPOINT,1.28.3.102,-16.56898369,-71.45938534,8166518.177,237556.1052, , , , , , , ,0, , , , , , , , , , , , , , , , , , , 
WAYPOINT,1.28.3.103,-16.56920833,-71.45898042,8166493.837,237599.6413, , , , , , , ,0, , , , , , , , , , , , , , , , , , , 
WAYPOINT,1.28.3.104,-16.56963037,-71.45785108,8166448.591,237720.7885, , , , , , , ,0, , , , , , , , , , , , , , , , , , , 
WAYPOINT,1.28.3.105,-16.56967885,-71.45775174,8166443.354,237731.4608, , , , , , , ,0, , , , , , , , , , , , , , , , , , , 
WAYPOINT,1.28.3.106,-16.56972446,-71.45769059,8166438.384,237738.0516, , , , , , , ,0, , , , , , , , , , , , , , , , , , , 
WAYPOINT,1.28.3.107,-16.56977997,-71.45758607,8166432.376,237749.285, , , , , , , ,0, , , , , , , , , , , , , , , , , , , 
WAYPOINT,1.28.3.108,-16.56981736,-71.45743611,8166428.432,237765.3467, , , , , , , ,0, , , , , , , , , , , , , , , , , , , 
WAYPOINT,1.28.3.109,-16.56997583,-71.45711747,8166411.306,237799.5814, , , , , , , ,0, , , , , , , , , , , , , , , , , , , 
WAYPOINT,1.28.3.110,-16.56927005,-71.45666412,8166490.032,237847.0272, , , , , , , ,0, , , , , , , , , , , , , , , , , , , 
WAYPOINT,1.28.3.111,-16.56942031,-71.45634722,8166473.812,237881.065, , , , , , , ,0, , , , , , , , , , , , , , , , , , , 
WAYPOINT,1.28.3.112,-16.56956944,-71.45602491,8166457.722,237915.6789, , , , , , , ,0, , , , , , , , , , , , , , , , , , , 
WAYPOINT,1.28.3.113,-16.56985486,-71.45613859,8166425.976,237903.9286, , , , , , , ,0, , , , , , , , , , , , , , , , , , , 
WAYPOINT,1.28.3.114,-16.57025359,-71.45638478,8166381.513,237878.1836, , , , , , , ,0, , , , , , , , , , , , , , , , , , , 
WAYPOINT,1.28.3.115,-16.57020746,-71.45650518,8166386.463,237865.2671, , , , , , , ,0, , , , , , , , , , , , , , , , , , , 
WAYPOINT,1.28.3.116,-16.57016211,-71.45663747,8166391.311,237851.0807, , , , , , , ,0, , , , , , , , , , , , , , , , , , , 
WAYPOINT,1.28.3.117,-16.57004364,-71.45692117,8166404.055,237820.6312, , , , , , , ,0, , , , , , , , , , , , , , , , , , , 
WAYPOINT,1.28.3.118,-16.56942233,-71.4565708,8166473.296,237857.1969, , , , , , , ,0, , , , , , , , , , , , , , , , , , , 
WAYPOINT,1.28.3.119,-16.56931804,-71.45605957,8166485.509,237911.6384, , , , , , , ,0, , , , , , , , , , , , , , , , , , , 
WAYPOINT,1.28.3.120,-16.56938223,-71.45585753,8166478.667,237933.296, , , , , , , ,0, , , , , , , , , , , , , , , , , , , 
WAYPOINT,1.28.3.121,-16.56944966,-71.45567399,8166471.441,237952.9829, , , , , , , ,0, , , , , , , , , , , , , , , , , , , 
WAYPOINT,1.28.3.122,-16.5693507,-71.45547717,8166482.653,237973.863, , , , , , , ,0, , , , , , , , , , , , , , , , , , , 
WAYPOINT,1.28.3.123,-16.5696,-71.45535757,8166455.211,237986.9698, , , , , , , ,0, , , , , , , , , , , , , , , , , , , 
WAYPOINT,1.28.3.124,-16.56947355,-71.4552,8166469.416,238003.6214, , , , , , , ,0, , , , , , , , , , , , , , , , , , , 
WAYPOINT,1.28.3.125,-16.56966944,-71.45520129,8166447.727,238003.7493, , , , , , , ,0, , , , , , , , , , , , , , , , , , , 
WAYPOINT,1.28.3.126,-16.56978346,-71.45467813,8166435.788,238059.7588, , , , , , , ,0, , , , , , , , , , , , , , , , , , , 
WAYPOINT,1.28.3.127,-16.56985833,-71.45452161,8166427.703,238076.5711, , , , , , , ,0, , , , , , , , , , , , , , , , , , , 
WAYPOINT,1.28.3.128,-16.56992537,-71.45437924,8166420.467,238091.8622, , , , , , , ,0, , , , , , , , , , , , , , , , , , , 
WAYPOINT,1.28.3.129,-16.57002035,-71.45419733,8166410.19,238111.4126, , , , , , , ,0, , , , , , , , , , , , , , , , , , , 
WAYPOINT,1.28.3.130,-16.57009523,-71.45402778,8166402.122,238129.6159, , , , , , , ,0, , , , , , , , , , , , , , , , , , , 
WAYPOINT,1.28.3.131,-16.56950805,-71.45371994,8166467.528,238161.6883, , , , , , , ,0, , , , , , , , , , , , , , , , , , , 
WAYPOINT,1.28.3.132,-16.56921131,-71.45365646,8166500.461,238168.0644, , , , , , , ,0, , , , , , , , , , , , , , , , , , , 
WAYPOINT,1.28.3.133,-16.56821441,-71.45318139,8166611.444,238217.4368, , , , , , , ,0, , , , , , , , , , , , , , , , , , , 
WAYPOINT,1.28.3.134,-16.56931416,-71.45344654,8166489.349,238190.6155, , , , , , , ,0, , , , , , , , , , , , , , , , , , , 
WAYPOINT,1.28.3.135,-16.56957222,-71.45327265,8166461.007,238209.5296, , , , , , , ,0, , , , , , , , , , , , , , , , , , , 
WAYPOINT,1.28.3.136,-16.57006755,-71.45336738,8166406.048,238200.0856, , , , , , , ,0, , , , , , , , , , , , , , , , , , , 
WAYPOINT,1.28.3.137,-16.57037801,-71.4534897,8166371.518,238187.4469, , , , , , , ,0, , , , , , , , , , , , , , , , , , , 
WAYPOINT,1.28.3.138,-16.57029167,-71.45366634,8166380.847,238168.4704, , , , , , , ,0, , , , , , , , , , , , , , , , , , , 
WAYPOINT,1.28.3.139,-16.57022913,-71.45385707,8166387.52,238148.0226, , , , , , , ,0, , , , , , , , , , , , , , , , , , , 
WAYPOINT,1.28.3.140,-16.56962629,-71.45269579,8166455.774,238271.1916, , , , , , , ,0, , , , , , , , , , , , , , , , , , , 
WAYPOINT,1.28.3.141,-16.56971873,-71.45249531,8166445.802,238292.721, , , , , , , ,0, , , , , , , , , , , , , , , , , , , 
WAYPOINT,1.28.3.142,-16.5697936,-71.452775,8166437.148,238262.9613, , , , , , , ,0, , , , , , , , , , , , , , , , , , , 
WAYPOINT,1.28.3.143,-16.57052889,-71.45313663,8166355.275,238225.3465, , , , , , , ,0, , , , , , , , , , , , , , , , , , , 
WAYPOINT,1.28.3.144,-16.57062806,-71.45290128,8166344.604,238250.607, , , , , , , ,0, , , , , , , , , , , , , , , , , , , 
WAYPOINT,1.28.3.145,-16.57071995,-71.45272002,8166334.667,238270.0839, , , , , , , ,0, , , , , , , , , , , , , , , , , , , 
WAYPOINT,1.28.3.146,-16.5709375,-71.45236115,8166311.051,238308.6927, , , , , , , ,0, , , , , , , , , , , , , , , , , , , 
WAYPOINT,1.28.3.147,-16.57088115,-71.45217954,8166317.527,238328.0062, , , , , , , ,0, , , , , , , , , , , , , , , , , , , 
WAYPOINT,1.28.3.148,-16.57076033,-71.4520129,8166331.12,238345.6338, , , , , , , ,0, , , , , , , , , , , , , , , , , , , 
WAYPOINT,1.28.3.149,-16.57069928,-71.45172769,8166338.25,238376.0028, , , , , , , ,0, , , , , , , , , , , , , , , , , , , 
WAYPOINT,1.28.3.150,-16.57070234,-71.45157291,8166338.113,238392.5316, , , , , , , ,0, , , , , , , , , , , , , , , , , , , 
WAYPOINT,1.28.3.151,-16.57051102,-71.45097222,8166360.077,238456.4053, , , , , , , ,0, , , , , , , , , , , , , , , , , , , 
WAYPOINT,1.28.3.152,-16.57097893,-71.45183982,8166307.145,238364.4083, , , , , , , ,0, , , , , , , , , , , , , , , , , , , 
WAYPOINT,1.28.3.153,-16.57118042,-71.45225383,8166284.298,238320.4792, , , , , , , ,0, , , , , , , , , , , , , , , , , , , 
WAYPOINT,1.28.3.154,-16.57192069,-71.45097259,8166204.017,238458.2715, , , , , , , ,0, , , , , , , , , , , , , , , , , , , 
WAYPOINT,1.28.3.155,-16.57204796,-71.45100072,8166189.891,238455.4394, , , , , , , ,0, , , , , , , , , , , , , , , , , , , 
WAYPOINT,1.28.3.156,-16.5720437,-71.4511218,8166190.205,238442.5068, , , , , , , ,0, , , , , , , , , , , , , , , , , , , 
WAYPOINT,1.28.3.157,-16.57204118,-71.45120195,8166190.38,238433.9466, , , , , , , ,0, , , , , , , , , , , , , , , , , , , 
WAYPOINT,1.28.3.158,-16.57209057,-71.45138618,8166184.671,238414.3443, , , , , , , ,0, , , , , , , , , , , , , , , , , , , 
WAYPOINT,1.28.3.159,-16.57215883,-71.45157765,8166176.865,238393.9944, , , , , , , ,0, , , , , , , , , , , , , , , , , , , 
WAYPOINT,1.28.3.160,-16.5721354,-71.45179302,8166179.177,238370.9684, , , , , , , ,0, , , , , , , , , , , , , , , , , , , 
WAYPOINT,1.28.3.161,-16.57214444,-71.45199543,8166177.913,238349.3708, , , , , , , ,0, , , , , , , , , , , , , , , , , , , 
WAYPOINT,1.28.3.162,-16.57209282,-71.45214544,8166183.432,238333.2856, , , , , , , ,0, , , , , , , , , , , , , , , , , , , 
WAYPOINT,1.28.3.163,-16.57204699,-71.45228943,8166188.318,238317.8507, , , , , , , ,0, , , , , , , , , , , , , , , , , , , 
WAYPOINT,1.28.3.164,-16.57189444,-71.45252197,8166204.902,238292.8176, , , , , , , ,0, , , , , , , , , , , , , , , , , , , 
WAYPOINT,1.28.3.165,-16.5717604,-71.45284026,8166219.327,238258.6535, , , , , , , ,0, , , , , , , , , , , , , , , , , , , 
WAYPOINT,1.28.3.166,-16.5715874,-71.4531472,8166238.079,238225.6498, , , , , , , ,0, , , , , , , , , , , , , , , , , , , 
WAYPOINT,1.28.3.167,-16.57134722,-71.45275524,8166265.179,238267.1724, , , , , , , ,0, , , , , , , , , , , , , , , , , , , 
WAYPOINT,1.28.3.168,-16.57124197,-71.45252778,8166277.128,238291.3148, , , , , , , ,0, , , , , , , , , , , , , , , , , , , 
WAYPOINT,1.28.3.169,-16.57182222,-71.45224858,8166213.254,238321.9077, , , , , , , ,0, , , , , , , , , , , , , , , , , , , 
WAYPOINT,1.28.3.170,-16.57101342,-71.4526056,8166302.328,238282.6965, , , , , , , ,0, , , , , , , , , , , , , , , , , , , 
WAYPOINT,1.28.3.171,-16.57117222,-71.45292035,8166284.337,238249.3078, , , , , , , ,0, , , , , , , , , , , , , , , , , , , 
WAYPOINT,1.28.3.172,-16.57148056,-71.45354871,8166249.383,238182.6378, , , , , , , ,0, , , , , , , , , , , , , , , , , , , 
WAYPOINT,1.28.3.173,-16.57136773,-71.45380054,8166261.545,238155.599, , , , , , , ,0, , , , , , , , , , , , , , , , , , , 
WAYPOINT,1.28.3.174,-16.57131749,-71.45396389,8166266.894,238138.0909, , , , , , , ,0, , , , , , , , , , , , , , , , , , , 
WAYPOINT,1.28.3.175,-16.57075028,-71.45409452,8166329.516,238123.3764, , , , , , , ,0, , , , , , , , , , , , , , , , , , , 
WAYPOINT,1.28.3.176,-16.57048889,-71.45394458,8166358.65,238139.0309, , , , , , , ,0, , , , , , , , , , , , , , , , , , , 
WAYPOINT,1.28.3.177,-16.57058992,-71.45376667,8166347.698,238158.1628, , , , , , , ,0, , , , , , , , , , , , , , , , , , , 
WAYPOINT,1.28.3.178,-16.57060097,-71.45353443,8166346.777,238182.9723, , , , , , , ,0, , , , , , , , , , , , , , , , , , , 
WAYPOINT,1.28.3.179,-16.57064328,-71.45342339,8166342.238,238194.8851, , , , , , , ,0, , , , , , , , , , , , , , , , , , , 
WAYPOINT,1.28.3.180,-16.57070122,-71.45329003,8166335.998,238209.2017, , , , , , , ,0, , , , , , , , , , , , , , , , , , , 
WAYPOINT,1.28.3.181,-16.57035833,-71.45409863,8166372.902,238122.4071, , , , , , , ,0, , , , , , , , , , , , , , , , , , , 
WAYPOINT,1.28.3.182,-16.57068727,-71.45424887,8166336.291,238106.8125, , , , , , , ,0, , , , , , , , , , , , , , , , , , , 
WAYPOINT,1.28.3.183,-16.57110177,-71.45444388,8166290.148,238086.5529, , , , , , , ,0, , , , , , , , , , , , , , , , , , , 
WAYPOINT,1.28.3.184,-16.57105343,-71.45449335,8166295.435,238081.2056, , , , , , , ,0, , , , , , , , , , , , , , , , , , , 
WAYPOINT,1.28.3.185,-16.57099958,-71.45461944,8166301.232,238067.6703, , , , , , , ,0, , , , , , , , , , , , , , , , , , , 
WAYPOINT,1.28.3.186,-16.57093276,-71.45467778,8166308.554,238061.3519, , , , , , , ,0, , , , , , , , , , , , , , , , , , , 
WAYPOINT,1.28.3.187,-16.57040932,-71.45432888,8166366.957,238097.8934, , , , , , , ,0, , , , , , , , , , , , , , , , , , , 
WAYPOINT,1.28.3.188,-16.57012212,-71.45469167,8166398.278,238058.7719, , , , , , , ,0, , , , , , , , , , , , , , , , , , , 
WAYPOINT,1.28.3.189,-16.56999417,-71.4550377,8166411.991,238021.6539, , , , , , , ,0, , , , , , , , , , , , , , , , , , , 
WAYPOINT,1.28.3.190,-16.56993934,-71.45515582,8166417.908,238008.9688, , , , , , , ,0, , , , , , , , , , , , , , , , , , , 
WAYPOINT,1.28.3.191,-16.56983733,-71.45547222,8166428.787,237975.0499, , , , , , , ,0, , , , , , , , , , , , , , , , , , , 
WAYPOINT,1.28.3.192,-16.56977928,-71.45566583,8166434.961,237954.301, , , , , , , ,0, , , , , , , , , , , , , , , , , , , 
WAYPOINT,1.28.3.193,-16.56999444,-71.45592174,8166410.807,237927.2698, , , , , , , ,0, , , , , , , , , , , , , , , , , , , 
WAYPOINT,1.28.3.194,-16.57034484,-71.45612815,8166371.746,237905.7065, , , , , , , ,0, , , , , , , , , , , , , , , , , , , 
WAYPOINT,1.28.3.195,-16.5703885,-71.45603351,8166367.036,237915.87, , , , , , , ,0, , , , , , , , , , , , , , , , , , , 
WAYPOINT,1.28.3.196,-16.57048333,-71.45577963,8166356.869,237943.1039, , , , , , , ,0, , , , , , , , , , , , , , , , , , , 
WAYPOINT,1.28.3.197,-16.57056088,-71.45554961,8166348.585,237967.7674, , , , , , , ,0, , , , , , , , , , , , , , , , , , , 
WAYPOINT,1.28.3.198,-16.57061701,-71.4554126,8166342.55,237982.4712, , , , , , , ,0, , , , , , , , , , , , , , , , , , , 
WAYPOINT,1.28.5.1,-16.54920094,-71.47161221,8168692.239,236223.7375, , , , , , , ,0, , , , , , , , , , , , , , , , , , , 
WAYPOINT,1.28.5.2,-16.5522589,-71.47146275,8168353.898,236243.8595, , , , , , , ,0, , , , , , , , , , , , , , , , , , , 
WAYPOINT,1.28.5.3,-16.55229411,-71.47164559,8168349.76,236224.3841, , , , , , , ,0, , , , , , , , , , , , , , , , , , , 
WAYPOINT,1.28.5.4,-16.5508357,-71.47198844,8168510.766,236185.7899, , , , , , , ,0, , , , , , , , , , , , , , , , , , , 
WAYPOINT,1.28.5.5,-16.54985723,-71.47205252,8168619.004,236177.6152, , , , , , , ,0, , , , , , , , , , , , , , , , , , , 
WAYPOINT,1.28.5.6,-16.54962702,-71.47187788,8168644.721,236195.9497, , , , , , , ,0, , , , , , , , , , , , , , , , , , , 
WAYPOINT,1.28.5.7,-16.54916728,-71.47188578,8168695.606,236194.4799, , , , , , , ,0, , , , , , , , , , , , , , , , , , , 
WAYPOINT,1.28.5.8,-16.54956969,-71.47226439,8168650.56,236154.6005, , , , , , , ,0, , , , , , , , , , , , , , , , , , , 
WAYPOINT,1.28.5.9,-16.54942476,-71.47218553,8168666.707,236162.8242, , , , , , , ,0, , , , , , , , , , , , , , , , , , , 
WAYPOINT,1.28.5.10,-16.54926807,-71.47210641,8168684.158,236171.0591, , , , , , , ,0, , , , , , , , , , , , , , , , , , , 
WAYPOINT,1.28.5.11,-16.54907252,-71.47206633,8168705.86,236175.0726, , , , , , , ,0, , , , , , , , , , , , , , , , , , , 
WAYPOINT,1.28.5.12,-16.54891186,-71.47239034,8168723.22,236140.2569, , , , , , , ,0, , , , , , , , , , , , , , , , , , , 
WAYPOINT,1.28.5.13,-16.54882743,-71.47252056,8168732.397,236126.237, , , , , , , ,0, , , , , , , , , , , , , , , , , , , 
WAYPOINT,1.28.5.14,-16.54879773,-71.47263056,8168735.54,236114.4513, , , , , , , ,0, , , , , , , , , , , , , , , , , , , 
WAYPOINT,1.28.5.15,-16.54869172,-71.47276111,8168747.105,236100.3665, , , , , , , ,0, , , , , , , , , , , , , , , , , , , 
WAYPOINT,1.28.5.16,-16.54865306,-71.47281943,8168751.308,236094.0871, , , , , , , ,0, , , , , , , , , , , , , , , , , , , 
WAYPOINT,1.28.5.17,-16.5488298,-71.47309686,8168731.377,236064.7034, , , , , , , ,0, , , , , , , , , , , , , , , , , , , 
WAYPOINT,1.28.5.18,-16.54877105,-71.47303167,8168737.966,236071.5848, , , , , , , ,0, , , , , , , , , , , , , , , , , , , 
WAYPOINT,1.28.5.19,-16.54873021,-71.47299131,8168742.542,236075.8382, , , , , , , ,0, , , , , , , , , , , , , , , , , , , 
WAYPOINT,1.28.5.20,-16.5486186,-71.47291493,8168754.997,236083.8421, , , , , , , ,0, , , , , , , , , , , , , , , , , , , 
WAYPOINT,1.28.5.21,-16.54857253,-71.47297985,8168760.012,236076.8478, , , , , , , ,0, , , , , , , , , , , , , , , , , , , 
WAYPOINT,1.28.5.22,-16.54849268,-71.47308871,8168768.709,236065.1152, , , , , , , ,0, , , , , , , , , , , , , , , , , , , 
WAYPOINT,1.28.5.23,-16.5484435,-71.47319761,8168774.011,236053.4194, , , , , , , ,0, , , , , , , , , , , , , , , , , , , 
WAYPOINT,1.28.5.24,-16.54839862,-71.47329212,8168778.855,236043.2673, , , , , , , ,0, , , , , , , , , , , , , , , , , , , 
WAYPOINT,1.28.5.25,-16.54834674,-71.47339953,8168784.458,236031.7268, , , , , , , ,0, , , , , , , , , , , , , , , , , , , 
WAYPOINT,1.28.5.26,-16.5483076,-71.47346121,8168788.71,236025.0875, , , , , , , ,0, , , , , , , , , , , , , , , , , , , 
WAYPOINT,1.28.5.27,-16.54873512,-71.47372559,8168741.033,235997.44, , , , , , , ,0, , , , , , , , , , , , , , , , , , , 
WAYPOINT,1.28.5.28,-16.54860571,-71.47420278,8168754.732,235946.3101, , , , , , , ,0, , , , , , , , , , , , , , , , , , , 
WAYPOINT,1.28.5.29,-16.54813986,-71.47371633,8168806.945,235997.6179, , , , , , , ,0, , , , , , , , , , , , , , , , , , , 
WAYPOINT,1.28.5.30,-16.54803408,-71.47389722,8168818.418,235978.1582, , , , , , , ,0, , , , , , , , , , , , , , , , , , , 
WAYPOINT,1.28.5.31,-16.54794302,-71.47401166,8168828.348,235965.8144, , , , , , , ,0, , , , , , , , , , , , , , , , , , , 
WAYPOINT,1.28.5.32,-16.54823056,-71.47429583,8168796.142,235935.863, , , , , , , ,0, , , , , , , , , , , , , , , , , , , 
WAYPOINT,1.28.5.33,-16.54871337,-71.47460773,8168742.282,235903.2163, , , , , , , ,0, , , , , , , , , , , , , , , , , , , 
WAYPOINT,1.28.5.34,-16.54948177,-71.47505278,8168656.629,235856.7423, , , , , , , ,0, , , , , , , , , , , , , , , , , , , 
WAYPOINT,1.28.5.35,-16.55075619,-71.47551715,8168514.931,235808.8951, , , , , , , ,0, , , , , , , , , , , , , , , , , , , 
WAYPOINT,1.28.5.36,-16.55108206,-71.47556712,8168478.789,235804.0033, , , , , , , ,0, , , , , , , , , , , , , , , , , , , 
WAYPOINT,1.28.5.37,-16.55044715,-71.47606471,8168548.423,235750.006, , , , , , , ,0, , , , , , , , , , , , , , , , , , , 
WAYPOINT,1.28.5.38,-16.54882929,-71.47486178,8168729.114,235876.2474, , , , , , , ,0, , , , , , , , , , , , , , , , , , , 
WAYPOINT,1.28.5.39,-16.54870659,-71.47480316,8168742.775,235882.3392, , , , , , , ,0, , , , , , , , , , , , , , , , , , , 
WAYPOINT,1.28.5.40,-16.54857119,-71.474725,8168757.868,235890.5008, , , , , , , ,0, , , , , , , , , , , , , , , , , , , 
WAYPOINT,1.28.5.41,-16.54808934,-71.47436087,8168811.69,235928.7255, , , , , , , ,0, , , , , , , , , , , , , , , , , , , 
WAYPOINT,1.28.5.42,-16.54780643,-71.47419932,8168843.223,235945.59, , , , , , , ,0, , , , , , , , , , , , , , , , , , , 
WAYPOINT,1.28.5.43,-16.54773448,-71.47429829,8168851.058,235934.9242, , , , , , , ,0, , , , , , , , , , , , , , , , , , , 
WAYPOINT,1.28.5.44,-16.54764137,-71.47440425,8168861.227,235923.4834, , , , , , , ,0, , , , , , , , , , , , , , , , , , , 
WAYPOINT,1.28.5.45,-16.54753033,-71.47445474,8168873.453,235917.9403, , , , , , , ,0, , , , , , , , , , , , , , , , , , , 
WAYPOINT,1.28.5.46,-16.54744458,-71.47457398,8168882.79,235905.0918, , , , , , , ,0, , , , , , , , , , , , , , , , , , , 
WAYPOINT,1.28.5.47,-16.54739975,-71.47465779,8168887.643,235896.0811, , , , , , , ,0, , , , , , , , , , , , , , , , , , , 
WAYPOINT,1.28.5.48,-16.54732718,-71.47474335,8168895.564,235886.8466, , , , , , , ,0, , , , , , , , , , , , , , , , , , , 
WAYPOINT,1.28.5.49,-16.54728056,-71.47480663,8168900.643,235880.0252, , , , , , , ,0, , , , , , , , , , , , , , , , , , , 
WAYPOINT,1.28.5.50,-16.54720747,-71.47484263,8168908.686,235876.0823, , , , , , , ,0, , , , , , , , , , , , , , , , , , , 
WAYPOINT,1.28.5.51,-16.54712736,-71.47486667,8168917.524,235873.4061, , , , , , , ,0, , , , , , , , , , , , , , , , , , , 
WAYPOINT,1.28.5.52,-16.54707292,-71.47492074,8168923.48,235867.5577, , , , , , , ,0, , , , , , , , , , , , , , , , , , , 
WAYPOINT,1.28.5.53,-16.54724467,-71.47525227,8168904.03,235832.391, , , , , , , ,0, , , , , , , , , , , , , , , , , , , 
WAYPOINT,1.28.5.54,-16.54712466,-71.47537616,8168917.153,235818.9991, , , , , , , ,0, , , , , , , , , , , , , , , , , , , 
WAYPOINT,1.28.5.55,-16.54699961,-71.47545,8168930.9,235810.9439, , , , , , , ,0, , , , , , , , , , , , , , , , , , , 
WAYPOINT,1.28.5.56,-16.54719199,-71.47588005,8168909.036,235765.2859, , , , , , , ,0, , , , , , , , , , , , , , , , , , , 
WAYPOINT,1.28.5.57,-16.54732239,-71.47596957,8168894.483,235755.9044, , , , , , , ,0, , , , , , , , , , , , , , , , , , , 
WAYPOINT,1.28.5.58,-16.54731767,-71.47653534,8168894.261,235695.4856, , , , , , , ,0, , , , , , , , , , , , , , , , , , , 
WAYPOINT,1.28.5.59,-16.54704156,-71.47622573,8168925.236,235728.1692, , , , , , , ,0, , , , , , , , , , , , , , , , , , , 
WAYPOINT,1.28.5.60,-16.54663941,-71.47568747,8168970.464,235785.0956, , , , , , , ,0, , , , , , , , , , , , , , , , , , , 
WAYPOINT,1.28.5.61,-16.54655264,-71.47543164,8168980.407,235812.2947, , , , , , , ,0, , , , , , , , , , , , , , , , , , , 
WAYPOINT,1.28.5.62,-16.54640099,-71.47558468,8168996.994,235795.7466, , , , , , , ,0, , , , , , , , , , , , , , , , , , , 
WAYPOINT,1.28.5.63,-16.54654558,-71.47642844,8168979.877,235705.8477, , , , , , , ,0, , , , , , , , , , , , , , , , , , , 
WAYPOINT,1.28.5.64,-16.54511904,-71.47654853,8169137.648,235691.0792, , , , , , , ,0, , , , , , , , , , , , , , , , , , , 
WAYPOINT,1.28.5.65,-16.54493744,-71.4766449,8169157.626,235680.541, , , , , , , ,0, , , , , , , , , , , , , , , , , , , 
WAYPOINT,1.28.5.66,-16.54480189,-71.47675211,8169172.491,235668.9083, , , , , , , ,0, , , , , , , , , , , , , , , , , , , 
WAYPOINT,1.28.5.67,-16.54463151,-71.47684998,8169191.225,235658.2251, , , , , , , ,0, , , , , , , , , , , , , , , , , , , 
WAYPOINT,1.28.5.68,-16.5443534,-71.47704329,8169221.759,235637.2036, , , , , , , ,0, , , , , , , , , , , , , , , , , , , 
WAYPOINT,1.28.5.69,-16.54427997,-71.47704722,8169229.883,235636.6837, , , , , , , ,0, , , , , , , , , , , , , , , , , , , 
WAYPOINT,1.28.5.70,-16.54418132,-71.47707083,8169240.773,235634.0281, , , , , , , ,0, , , , , , , , , , , , , , , , , , , 
WAYPOINT,1.28.5.71,-16.54408051,-71.47715218,8169251.827,235625.2039, , , , , , , ,0, , , , , , , , , , , , , , , , , , , 
WAYPOINT,1.28.5.72,-16.54400473,-71.47720771,8169260.144,235619.1708, , , , , , , ,0, , , , , , , , , , , , , , , , , , , 
WAYPOINT,1.28.5.73,-16.54393557,-71.47724674,8169267.748,235614.9098, , , , , , , ,0, , , , , , , , , , , , , , , , , , , 
WAYPOINT,1.28.5.74,-16.54387157,-71.47727844,8169274.792,235611.4367, , , , , , , ,0, , , , , , , , , , , , , , , , , , , 
WAYPOINT,1.28.5.75,-16.54379514,-71.47735941,8169283.147,235602.6872, , , , , , , ,0, , , , , , , , , , , , , , , , , , , 
WAYPOINT,1.28.5.76,-16.54367574,-71.47739838,8169296.315,235598.3621, , , , , , , ,0, , , , , , , , , , , , , , , , , , , 
WAYPOINT,1.28.5.77,-16.54360379,-71.47750063,8169304.145,235587.3457, , , , , , , ,0, , , , , , , , , , , , , , , , , , , 
WAYPOINT,1.28.5.78,-16.54348558,-71.47760473,8169317.095,235576.0687, , , , , , , ,0, , , , , , , , , , , , , , , , , , , 
WAYPOINT,1.28.5.79,-16.54381709,-71.47792949,8169279.966,235541.8422, , , , , , , ,0, , , , , , , , , , , , , , , , , , , 
WAYPOINT,1.28.5.80,-16.54403275,-71.47806117,8169255.918,235528.0752, , , , , , , ,0, , , , , , , , , , , , , , , , , , , 
WAYPOINT,1.28.5.81,-16.54561718,-71.47896882,8169079.316,235433.3184, , , , , , , ,0, , , , , , , , , , , , , , , , , , , 
WAYPOINT,1.28.5.82,-16.54922666,-71.4801707,8168678.136,235309.9104, , , , , , , ,0, , , , , , , , , , , , , , , , , , , 
WAYPOINT,1.28.5.83,-16.54866286,-71.48152602,8168738.767,235164.4202, , , , , , , ,0, , , , , , , , , , , , , , , , , , , 
WAYPOINT,1.28.5.84,-16.54830919,-71.48201563,8168777.276,235111.6567, , , , , , , ,0, , , , , , , , , , , , , , , , , , , 
WAYPOINT,1.28.5.85,-16.54784682,-71.48200937,8168828.471,235111.6931, , , , , , , ,0, , , , , , , , , , , , , , , , , , , 
WAYPOINT,1.28.5.86,-16.540142,-71.49297516,8169666.973,233930.1907, , , , , , , ,0, , , , , , , , , , , , , , , , , , , 
WAYPOINT,1.28.5.87,-16.53977617,-71.49244552,8169708.174,233986.2457, , , , , , , ,0, , , , , , , , , , , , , , , , , , , 
WAYPOINT,1.28.5.88,-16.53938241,-71.49277288,8169751.333,233950.7484, , , , , , , ,0, , , , , , , , , , , , , , , , , , , 
WAYPOINT,1.28.5.89,-16.53915893,-71.49251791,8169776.412,233977.6694, , , , , , , ,0, , , , , , , , , , , , , , , , , , , 
WAYPOINT,1.28.5.90,-16.5389943,-71.49189962,8169795.456,234043.4672, , , , , , , ,0, , , , , , , , , , , , , , , , , , , 
WAYPOINT,1.28.5.91,-16.53973272,-71.49168212,8169713.994,234067.7056, , , , , , , ,0, , , , , , , , , , , , , , , , , , , 
WAYPOINT,1.28.5.92,-16.53935893,-71.49017657,8169757.367,234227.9637, , , , , , , ,0, , , , , , , , , , , , , , , , , , , 
WAYPOINT,1.28.5.93,-16.54609233,-71.48541598,8169018.214,234745.5348, , , , , , , ,0, , , , , , , , , , , , , , , , , , , 
WAYPOINT,1.28.5.94,-16.54633625,-71.4836472,8168993.544,234934.7401, , , , , , , ,0, , , , , , , , , , , , , , , , , , , 
WAYPOINT,1.28.5.95,-16.54637441,-71.48330104,8168989.776,234971.7549, , , , , , , ,0, , , , , , , , , , , , , , , , , , , 
WAYPOINT,1.28.5.96,-16.54646273,-71.48318155,8168980.155,234984.635, , , , , , , ,0, , , , , , , , , , , , , , , , , , , 
WAYPOINT,1.28.5.97,-16.54532065,-71.47947125,8169111.482,235379.2636, , , , , , , ,0, , , , , , , , , , , , , , , , , , , 
WAYPOINT,1.28.5.98,-16.54405047,-71.47837449,8169253.544,235494.6432, , , , , , , ,0, , , , , , , , , , , , , , , , , , , 
WAYPOINT,1.28.5.99,-16.5437258,-71.47799443,8169289.988,235534.784, , , , , , , ,0, , , , , , , , , , , , , , , , , , , 
WAYPOINT,1.28.5.100,-16.54352728,-71.4778765,8169312.12,235547.1056, , , , , , , ,0, , , , , , , , , , , , , , , , , , , 
WAYPOINT,1.28.5.101,-16.54339531,-71.4778039,8169326.826,235554.6779, , , , , , , ,0, , , , , , , , , , , , , , , , , , , 
WAYPOINT,1.28.5.102,-16.54329093,-71.47764721,8169338.589,235571.2669, , , , , , , ,0, , , , , , , , , , , , , , , , , , , 
WAYPOINT,1.28.5.103,-16.54313548,-71.47755957,8169355.913,235580.4139, , , , , , , ,0, , , , , , , , , , , , , , , , , , , 
WAYPOINT,1.28.5.104,-16.5430666,-71.47742401,8169363.717,235594.7945, , , , , , , ,0, , , , , , , , , , , , , , , , , , , 
WAYPOINT,1.28.5.105,-16.54292519,-71.4775382,8169379.222,235582.4082, , , , , , , ,0, , , , , , , , , , , , , , , , , , , 
WAYPOINT,1.28.5.106,-16.54276112,-71.47723771,8169397.781,235614.2716, , , , , , , ,0, , , , , , , , , , , , , , , , , , , 
WAYPOINT,1.28.5.107,-16.54272242,-71.47692682,8169402.474,235647.4164, , , , , , , ,0, , , , , , , , , , , , , , , , , , , 
WAYPOINT,1.28.5.108,-16.54308234,-71.47716507,8169362.315,235622.4667, , , , , , , ,0, , , , , , , , , , , , , , , , , , , 
WAYPOINT,1.28.5.109,-16.54337485,-71.47740119,8169329.622,235597.6522, , , , , , , ,0, , , , , , , , , , , , , , , , , , , 
WAYPOINT,1.28.5.110,-16.54344612,-71.47733459,8169321.819,235604.8611, , , , , , , ,0, , , , , , , , , , , , , , , , , , , 
WAYPOINT,1.28.5.111,-16.54351599,-71.4773,8169314.13,235608.6498, , , , , , , ,0, , , , , , , , , , , , , , , , , , , 
WAYPOINT,1.28.5.112,-16.54370372,-71.47715672,8169293.534,235624.2053, , , , , , , ,0, , , , , , , , , , , , , , , , , , , 
WAYPOINT,1.28.5.113,-16.54386596,-71.47708862,8169275.663,235631.6983, , , , , , , ,0, , , , , , , , , , , , , , , , , , , 
WAYPOINT,1.28.5.114,-16.54398439,-71.47694117,8169262.745,235647.6051, , , , , , , ,0, , , , , , , , , , , , , , , , , , , 
WAYPOINT,1.28.5.115,-16.54559413,-71.47587863,8169085.933,235763.2587, , , , , , , ,0, , , , , , , , , , , , , , , , , , , 
WAYPOINT,1.28.5.116,-16.5463835,-71.47534859,8168999.241,235820.9329, , , , , , , ,0, , , , , , , , , , , , , , , , , , , 
WAYPOINT,1.28.5.117,-16.54648065,-71.4752301,8168988.641,235833.7175, , , , , , , ,0, , , , , , , , , , , , , , , , , , , 
WAYPOINT,1.28.5.118,-16.54656896,-71.47513615,8168978.989,235843.8693, , , , , , , ,0, , , , , , , , , , , , , , , , , , , 
WAYPOINT,1.28.5.119,-16.54669001,-71.4750634,8168965.683,235851.8034, , , , , , , ,0, , , , , , , , , , , , , , , , , , , 
WAYPOINT,1.28.5.120,-16.54675603,-71.4750002,8168958.457,235858.6419, , , , , , , ,0, , , , , , , , , , , , , , , , , , , 
WAYPOINT,1.28.5.121,-16.54682228,-71.47495822,8168951.178,235863.2143, , , , , , , ,0, , , , , , , , , , , , , , , , , , , 
WAYPOINT,1.28.5.122,-16.5469214,-71.47484392,8168940.355,235875.5546, , , , , , , ,0, , , , , , , , , , , , , , , , , , , 
WAYPOINT,1.28.5.123,-16.54702921,-71.47472438,8168928.577,235888.4662, , , , , , , ,0, , , , , , , , , , , , , , , , , , , 
WAYPOINT,1.28.5.124,-16.54710923,-71.47465079,8168919.815,235896.4328, , , , , , , ,0, , , , , , , , , , , , , , , , , , , 
WAYPOINT,1.28.5.125,-16.54718455,-71.47456668,8168911.587,235905.517, , , , , , , ,0, , , , , , , , , , , , , , , , , , , 
WAYPOINT,1.28.5.126,-16.54727437,-71.4744956,8168901.736,235913.2286, , , , , , , ,0, , , , , , , , , , , , , , , , , , , 
WAYPOINT,1.28.5.127,-16.54737017,-71.47438056,8168891.281,235925.6437, , , , , , , ,0, , , , , , , , , , , , , , , , , , , 
WAYPOINT,1.28.5.128,-16.54746074,-71.47430049,8168881.361,235934.3164, , , , , , , ,0, , , , , , , , , , , , , , , , , , , 
WAYPOINT,1.28.5.129,-16.54752378,-71.47424073,8168874.46,235940.784, , , , , , , ,0, , , , , , , , , , , , , , , , , , , 
WAYPOINT,1.28.5.130,-16.54758165,-71.47416869,8168868.148,235948.5544, , , , , , , ,0, , , , , , , , , , , , , , , , , , , 
WAYPOINT,1.28.5.131,-16.54765278,-71.47411645,8168860.342,235954.2295, , , , , , , ,0, , , , , , , , , , , , , , , , , , , 
WAYPOINT,1.28.5.132,-16.54774444,-71.47400992,8168850.334,235965.7301, , , , , , , ,0, , , , , , , , , , , , , , , , , , , 
WAYPOINT,1.28.5.133,-16.54777407,-71.47391141,8168847.184,235976.2889, , , , , , , ,0, , , , , , , , , , , , , , , , , , , 
WAYPOINT,1.28.5.134,-16.54785278,-71.47377721,8168838.647,235990.7257, , , , , , , ,0, , , , , , , , , , , , , , , , , , , 
WAYPOINT,1.28.5.135,-16.54791562,-71.47368955,8168831.805,236000.1722, , , , , , , ,0, , , , , , , , , , , , , , , , , , , 
WAYPOINT,1.28.5.136,-16.54798747,-71.47359135,8168823.98,236010.7557, , , , , , , ,0, , , , , , , , , , , , , , , , , , , 
WAYPOINT,1.28.5.137,-16.54807222,-71.47346117,8168814.768,236024.7709, , , , , , , ,0, , , , , , , , , , , , , , , , , , , 
WAYPOINT,1.28.5.138,-16.54814516,-71.47332778,8168806.868,236039.1142, , , , , , , ,0, , , , , , , , , , , , , , , , , , , 
WAYPOINT,1.28.5.139,-16.54819894,-71.47323075,8168801.042,236049.5482, , , , , , , ,0, , , , , , , , , , , , , , , , , , , 
WAYPOINT,1.28.5.140,-16.54828617,-71.47311625,8168791.535,236061.8927, , , , , , , ,0, , , , , , , , , , , , , , , , , , , 
WAYPOINT,1.28.5.141,-16.54902383,-71.47166071,8168711.783,236218.3176, , , , , , , ,0, , , , , , , , , , , , , , , , , , , 
WAYPOINT,1.28.5.142,-16.54905789,-71.47158315,8168708.113,236226.6463, , , , , , , ,0, , , , , , , , , , , , , , , , , , , 
WAYPOINT,1.28.5.143,-16.54956062,-71.47017342,8168654.309,236377.8578, , , , , , , ,0, , , , , , , , , , , , , , , , , , , 
WAYPOINT,1.28.4.1,-16.56082933,-71.46947266,8167407.704,236468.0146, , , , , , , ,0, , , , , , , , , , , , , , , , , , , 
WAYPOINT,1.28.4.2,-16.56091238,-71.46955562,8167398.4,236459.2692, , , , , , , ,0, , , , , , , , , , , , , , , , , , , 
WAYPOINT,1.28.4.3,-16.56088456,-71.46965073,8167401.355,236449.0769, , , , , , , ,0, , , , , , , , , , , , , , , , , , , 
WAYPOINT,1.28.4.4,-16.56092508,-71.46972778,8167396.768,236440.9053, , , , , , , ,0, , , , , , , , , , , , , , , , , , , 
WAYPOINT,1.28.4.5,-16.56092005,-71.46981258,8167397.214,236431.8435, , , , , , , ,0, , , , , , , , , , , , , , , , , , , 
WAYPOINT,1.28.4.6,-16.56093872,-71.46990869,8167395.021,236421.6072, , , , , , , ,0, , , , , , , , , , , , , , , , , , , 
WAYPOINT,1.28.4.7,-16.56100324,-71.47075265,8167386.77,236331.5845, , , , , , , ,0, , , , , , , , , , , , , , , , , , , 
WAYPOINT,1.28.4.8,-16.56095079,-71.47083333,8167392.471,236322.8983, , , , , , , ,0, , , , , , , , , , , , , , , , , , , 
WAYPOINT,1.28.4.9,-16.56088952,-71.4708842,8167399.187,236317.3837, , , , , , , ,0, , , , , , , , , , , , , , , , , , , 
WAYPOINT,1.28.4.10,-16.56082778,-71.47095608,8167405.928,236309.6247, , , , , , , ,0, , , , , , , , , , , , , , , , , , , 
WAYPOINT,1.28.4.11,-16.56077235,-71.47104668,8167411.945,236299.8762, , , , , , , ,0, , , , , , , , , , , , , , , , , , , 
WAYPOINT,1.28.4.12,-16.56071406,-71.47111069,8167418.314,236292.962, , , , , , , ,0, , , , , , , , , , , , , , , , , , , 
WAYPOINT,1.28.4.13,-16.56065861,-71.47116022,8167424.388,236287.5986, , , , , , , ,0, , , , , , , , , , , , , , , , , , , 
WAYPOINT,1.28.4.14,-16.56059249,-71.47124444,8167431.597,236278.5154, , , , , , , ,0, , , , , , , , , , , , , , , , , , , 
WAYPOINT,1.28.4.15,-16.56052232,-71.47140556,8167439.153,236261.2177, , , , , , , ,0, , , , , , , , , , , , , , , , , , , 
WAYPOINT,1.28.4.16,-16.5604073,-71.4714475,8167451.832,236256.5823, , , , , , , ,0, , , , , , , , , , , , , , , , , , , 
WAYPOINT,1.28.4.17,-16.56038824,-71.47156108,8167453.793,236244.4289, , , , , , , ,0, , , , , , , , , , , , , , , , , , , 
WAYPOINT,1.28.4.18,-16.55989485,-71.4719603,8167507.891,236201.132, , , , , , , ,0, , , , , , , , , , , , , , , , , , , 
WAYPOINT,1.28.4.19,-16.55980034,-71.47201299,8167518.284,236195.3769, , , , , , , ,0, , , , , , , , , , , , , , , , , , , 
WAYPOINT,1.28.4.20,-16.55972086,-71.47207924,8167526.996,236188.1957, , , , , , , ,0, , , , , , , , , , , , , , , , , , , 
WAYPOINT,1.28.4.21,-16.55965798,-71.47211797,8167533.906,236183.9744, , , , , , , ,0, , , , , , , , , , , , , , , , , , , 
WAYPOINT,1.28.4.22,-16.55958802,-71.4721606,8167541.595,236179.3272, , , , , , , ,0, , , , , , , , , , , , , , , , , , , 
WAYPOINT,1.28.4.23,-16.55822676,-71.47191389,8167692.621,236203.8151, , , , , , , ,0, , , , , , , , , , , , , , , , , , , 
WAYPOINT,1.28.4.24,-16.5591745,-71.46636202,8167594.985,236797.8925, , , , , , , ,0, , , , , , , , , , , , , , , , , , , 
WAYPOINT,1.28.4.25,-16.55788611,-71.46638571,8167737.587,236793.6126, , , , , , , ,0, , , , , , , , , , , , , , , , , , , 
WAYPOINT,1.28.4.26,-16.55736243,-71.46773163,8167793.798,236649.1923, , , , , , , ,0, , , , , , , , , , , , , , , , , , , 
WAYPOINT,1.28.4.27,-16.5569023,-71.46971678,8167842.132,236436.605, , , , , , , ,0, , , , , , , , , , , , , , , , , , , 
WAYPOINT,1.28.4.28,-16.55711758,-71.46973971,8167818.27,236434.4495, , , , , , , ,0, , , , , , , , , , , , , , , , , , , 
WAYPOINT,1.28.4.29,-16.55344047,-71.47038215,8168224.508,236360.8501, , , , , , , ,0, , , , , , , , , , , , , , , , , , , 
WAYPOINT,1.28.4.30,-16.55681553,-71.47249881,8167848.085,236139.4382, , , , , , , ,0, , , , , , , , , , , , , , , , , , , 
WAYPOINT,1.28.4.31,-16.55699261,-71.47275273,8167828.148,236112.5676, , , , , , , ,0, , , , , , , , , , , , , , , , , , , 
WAYPOINT,1.28.4.32,-16.55713151,-71.47268163,8167812.864,236120.349, , , , , , , ,0, , , , , , , , , , , , , , , , , , , 
WAYPOINT,1.28.4.33,-16.55726219,-71.47258785,8167798.52,236130.5398, , , , , , , ,0, , , , , , , , , , , , , , , , , , , 
WAYPOINT,1.28.4.34,-16.55731667,-71.47252624,8167792.57,236137.1928, , , , , , , ,0, , , , , , , , , , , , , , , , , , , 
WAYPOINT,1.28.4.35,-16.55742328,-71.47243932,8167780.881,236146.6183, , , , , , , ,0, , , , , , , , , , , , , , , , , , , 
WAYPOINT,1.28.4.36,-16.55729038,-71.47213766,8167795.991,236178.6469, , , , , , , ,0, , , , , , , , , , , , , , , , , , , 
WAYPOINT,1.28.4.37,-16.55785403,-71.47208611,8167733.658,236184.9186, , , , , , , ,0, , , , , , , , , , , , , , , , , , , 
WAYPOINT,1.28.4.38,-16.55799674,-71.47225556,8167717.636,236167.0209, , , , , , , ,0, , , , , , , , , , , , , , , , , , , 
WAYPOINT,1.28.4.39,-16.55779285,-71.47244739,8167739.957,236146.2606, , , , , , , ,0, , , , , , , , , , , , , , , , , , , 
WAYPOINT,1.28.4.40,-16.55770278,-71.47256169,8167749.778,236133.9329, , , , , , , ,0, , , , , , , , , , , , , , , , , , , 
WAYPOINT,1.28.4.41,-16.55757025,-71.47263524,8167764.353,236125.9002, , , , , , , ,0, , , , , , , , , , , , , , , , , , , 
WAYPOINT,1.28.4.42,-16.55740833,-71.4727095,8167782.181,236117.7505, , , , , , , ,0, , , , , , , , , , , , , , , , , , , 
WAYPOINT,1.28.4.43,-16.55730863,-71.4728214,8167793.072,236105.6661, , , , , , , ,0, , , , , , , , , , , , , , , , , , , 
WAYPOINT,1.28.4.44,-16.55725504,-71.47288711,8167798.918,236098.5767, , , , , , , ,0, , , , , , , , , , , , , , , , , , , 
WAYPOINT,1.28.4.45,-16.55714444,-71.47298903,8167811.028,236087.5439, , , , , , , ,0, , , , , , , , , , , , , , , , , , , 
WAYPOINT,1.28.4.46,-16.5581439,-71.47408037,8167698.946,235972.38, , , , , , , ,0, , , , , , , , , , , , , , , , , , , 
WAYPOINT,1.28.4.47,-16.55714444,-71.47414599,8167809.507,235964.0107, , , , , , , ,0, , , , , , , , , , , , , , , , , , , 
WAYPOINT,1.28.4.48,-16.55687749,-71.47423183,8167838.949,235954.4818, , , , , , , ,0, , , , , , , , , , , , , , , , , , , 
WAYPOINT,1.28.4.49,-16.55683889,-71.47460126,8167842.736,235914.9832, , , , , , , ,0, , , , , , , , , , , , , , , , , , , 
WAYPOINT,1.28.4.50,-16.55698003,-71.47316211,8167829.003,236068.8396, , , , , , , ,0, , , , , , , , , , , , , , , , , , , 
WAYPOINT,1.28.4.51,-16.55690556,-71.47328825,8167837.082,236055.2692, , , , , , , ,0, , , , , , , , , , , , , , , , , , , 
WAYPOINT,1.28.4.52,-16.55683693,-71.47336795,8167844.574,236046.6659, , , , , , , ,0, , , , , , , , , , , , , , , , , , , 
WAYPOINT,1.28.4.53,-16.55677355,-71.47345333,8167851.479,236037.4637, , , , , , , ,0, , , , , , , , , , , , , , , , , , , 
WAYPOINT,1.28.4.54,-16.55658639,-71.47376088,8167871.794,236004.3699, , , , , , , ,0, , , , , , , , , , , , , , , , , , , 
WAYPOINT,1.28.4.55,-16.55645725,-71.47397556,8167885.809,235981.2713, , , , , , , ,0, , , , , , , , , , , , , , , , , , , 
WAYPOINT,1.28.4.56,-16.55648305,-71.47423056,8167882.617,235954.0798, , , , , , , ,0, , , , , , , , , , , , , , , , , , , 
WAYPOINT,1.28.4.57,-16.5562662,-71.47438795,8167906.418,235936.9783, , , , , , , ,0, , , , , , , , , , , , , , , , , , , 
WAYPOINT,1.28.4.58,-16.55615556,-71.47460068,8167918.387,235914.1138, , , , , , , ,0, , , , , , , , , , , , , , , , , , , 
WAYPOINT,1.28.4.59,-16.55608611,-71.47480074,8167925.812,235892.6571, , , , , , , ,0, , , , , , , , , , , , , , , , , , , 
WAYPOINT,1.28.4.60,-16.55561417,-71.47761728,8167974.353,235591.2776, , , , , , , ,0, , , , , , , , , , , , , , , , , , , 
WAYPOINT,1.28.4.61,-16.55383162,-71.47875472,8168170.197,235467.3934, , , , , , , ,0, , , , , , , , , , , , , , , , , , , 
WAYPOINT,1.28.4.62,-16.55465053,-71.47723747,8168081.535,235630.5175, , , , , , , ,0, , , , , , , , , , , , , , , , , , , 
WAYPOINT,1.28.4.63,-16.55471667,-71.47675465,8168074.849,235682.1612, , , , , , , ,0, , , , , , , , , , , , , , , , , , , 
WAYPOINT,1.28.4.64,-16.55529736,-71.47620062,8168011.291,235742.1094, , , , , , , ,0, , , , , , , , , , , , , , , , , , , 
WAYPOINT,1.28.4.65,-16.55579444,-71.47476554,8167958.148,235896.0187, , , , , , , ,0, , , , , , , , , , , , , , , , , , , 
WAYPOINT,1.28.4.66,-16.55563436,-71.47463056,8167976.048,235910.2129, , , , , , , ,0, , , , , , , , , , , , , , , , , , , 
WAYPOINT,1.28.4.67,-16.55554601,-71.47449932,8167986.002,235924.1048, , , , , , , ,0, , , , , , , , , , , , , , , , , , , 
WAYPOINT,1.28.4.68,-16.55570833,-71.47425285,8167968.355,235950.6437, , , , , , , ,0, , , , , , , , , , , , , , , , , , , 
WAYPOINT,1.28.4.69,-16.55588735,-71.47421534,8167948.585,235954.8921, , , , , , , ,0, , , , , , , , , , , , , , , , , , , 
WAYPOINT,1.28.4.70,-16.55600084,-71.4741465,8167936.112,235962.3973, , , , , , , ,0, , , , , , , , , , , , , , , , , , , 
WAYPOINT,1.28.4.71,-16.55607778,-71.47401837,8167927.763,235976.1832, , , , , , , ,0, , , , , , , , , , , , , , , , , , , 
WAYPOINT,1.28.4.72,-16.55625278,-71.47394003,8167908.492,235984.7867, , , , , , , ,0, , , , , , , , , , , , , , , , , , , 
WAYPOINT,1.28.4.73,-16.55628671,-71.47343028,8167905.406,236039.2606, , , , , , , ,0, , , , , , , , , , , , , , , , , , , 
WAYPOINT,1.28.4.74,-16.556525,-71.4731196,8167879.434,236072.7585, , , , , , , ,0, , , , , , , , , , , , , , , , , , , 
WAYPOINT,1.28.4.75,-16.5567965,-71.47295927,8167849.587,236090.2479, , , , , , , ,0, , , , , , , , , , , , , , , , , , , 
WAYPOINT,1.28.4.76,-16.55550954,-71.47216579,8167993.106,236173.2172, , , , , , , ,0, , , , , , , , , , , , , , , , , , , 
